tool,class,confidence,runtime,launch,tests,tools,docs,other,strong_total
tools/__init__.py,DOC_REFERENCED_ONLY,STRONG,0,0,0,0,7,0,2
tools/adjudicate_hcc_benign_mimic.py,DOC_REFERENCED_ONLY,STRONG,0,0,0,0,2,0,2
tools/align_openswisshcc.py,TOOLCHAIN_ONLY,STRONG,0,0,0,1,0,0,1
tools/align_openswisshcc_holdout.py,STATIC_ORPHAN,NONE,0,0,0,0,0,0,0
tools/analyze_medsiglip_external_recalibration.py,STATIC_ORPHAN,NONE,0,0,0,0,0,0,0
tools/analyze_openswisshcc_v11_v13_complementarity.py,STATIC_ORPHAN,NONE,0,0,0,0,0,0,0
tools/analyze_openswisshcc_volumetric_fusion.py,STATIC_ORPHAN,NONE,0,0,0,0,0,0,0
tools/assemble_best_worst_case_folders.py,STATIC_ORPHAN,NONE,0,0,0,0,0,0,0
tools/audit_liver_mask_geometry_quality.py,DOC_REFERENCED_ONLY,STRONG,0,0,0,0,1,0,1
tools/audit_liver_mri_dataset.py,DOC_REFERENCED_ONLY,STRONG,0,0,0,0,2,0,2
tools/audit_lld_mmri_v23_geometry.py,DOC_REFERENCED_ONLY,STRONG,0,0,0,0,1,0,1
tools/audit_mesh_topology_quality.py,DOC_REFERENCED_ONLY,STRONG,0,0,0,0,1,0,1
tools/audit_monophase_external_failures.py,STATIC_ORPHAN,NONE,0,0,0,0,0,0,0
tools/audit_openswisshcc_arterial_union_pilot_v22.py,STATIC_ORPHAN,NONE,0,0,0,0,0,0,0
tools/audit_openswisshcc_axial_atlas_v17.py,DOC_REFERENCED_ONLY,STRONG,0,0,0,0,2,0,2
tools/audit_openswisshcc_candidate_localization_v16.py,STATIC_ORPHAN,NONE,0,0,0,0,0,0,0
tools/audit_openswisshcc_enhancement_localizer_v22.py,STATIC_ORPHAN,NONE,0,0,0,0,0,0,0
tools/audit_openswisshcc_holdout_blind.py,STATIC_ORPHAN,NONE,0,0,0,0,0,0,0
tools/audit_openswisshcc_multisequence.py,STATIC_ORPHAN,NONE,0,0,0,0,0,0,0
tools/audit_openswisshcc_v23_errors.py,STATIC_ORPHAN,NONE,0,0,0,0,0,0,0
tools/benchmark_liver_segmentation_v2.py,STATIC_ORPHAN,NONE,0,0,0,0,0,0,0
tools/bootstrap_argos_mac.sh,TOOLCHAIN_ONLY,STRONG,0,0,0,1,1,0,2
tools/build_anatomic_material_textures.py,TEST_REFERENCED_ONLY,STRONG,0,0,1,0,1,0,2
tools/build_chaos_v21_panels.py,STATIC_ORPHAN,NONE,0,0,0,0,0,0,0
tools/build_dicom_quality_showcase.py,STATIC_ORPHAN,NONE,0,0,0,0,0,0,0
tools/build_internal_blind_benchmark_120.py,STATIC_ORPHAN,NONE,0,0,0,0,0,0,0
tools/build_liver_candidate_dataset.py,DOC_REFERENCED_ONLY,STRONG,0,0,0,0,2,0,1
tools/build_liverhccseg_v21_panels.py,STATIC_ORPHAN,NONE,0,0,0,0,0,0,0
tools/build_lld_mmri_v23_enhancement_panels.py,DOC_REFERENCED_ONLY,WEAK,0,0,0,0,1,0,0
tools/build_lld_mmri_v23_full_fov_pilot.py,STATIC_ORPHAN,NONE,0,0,0,0,0,0,0
tools/build_lld_mmri_v23_liver_enriched_pilot.py,STATIC_ORPHAN,NONE,0,0,0,0,0,0,0
tools/build_lld_mmri_v23_panels.py,DOC_REFERENCED_ONLY,STRONG,0,0,0,0,2,0,2
tools/build_lld_mmri_v23_roi_ceiling_t2dwi_embedding_pilot.py,TEST_REFERENCED_ONLY,STRONG,0,0,1,0,1,0,1
tools/build_lld_mmri_v23_shape.py,STATIC_ORPHAN,NONE,0,0,0,0,0,0,0
tools/build_localized_candidate_features.py,STATIC_ORPHAN,NONE,0,0,0,0,0,0,0
tools/build_localized_candidate_supervision.py,STATIC_ORPHAN,NONE,0,0,0,0,0,0,0
tools/build_medsiglip_monophase_dataset.py,STATIC_ORPHAN,NONE,0,0,0,0,0,0,0
tools/build_monophase_complementary_candidates.py,STATIC_ORPHAN,NONE,0,0,0,0,0,0,0
tools/build_monophase_slice_candidates.py,STATIC_ORPHAN,NONE,0,0,0,0,0,0,0
tools/build_openswiss_monophase_atlas_candidates.py,STATIC_ORPHAN,NONE,0,0,0,0,0,0,0
tools/build_openswisshcc_axial_atlas_v17.py,DOC_REFERENCED_ONLY,STRONG,0,0,0,0,1,0,1
tools/build_openswisshcc_candidate_enhancement_v22.py,STATIC_ORPHAN,NONE,0,0,0,0,0,0,0
tools/build_openswisshcc_candidate_shape_v23.py,STATIC_ORPHAN,NONE,0,0,0,0,0,0,0
tools/build_openswisshcc_candidate_volume_fallback_v16.py,STATIC_ORPHAN,NONE,0,0,0,0,0,0,0
tools/build_openswisshcc_candidate_volume_full87_v16.py,STATIC_ORPHAN,NONE,0,0,0,0,0,0,0
tools/build_openswisshcc_candidate_volume_timing_v16.py,STATIC_ORPHAN,NONE,0,0,0,0,0,0,0
tools/build_openswisshcc_candidate_volume_v16.py,STATIC_ORPHAN,NONE,0,0,0,0,0,0,0
tools/build_openswisshcc_candidates.py,TEST_REFERENCED_ONLY,STRONG,0,0,1,0,0,0,1
tools/build_openswisshcc_enhancement_features_v22.py,STATIC_ORPHAN,NONE,0,0,0,0,0,0,0
tools/build_openswisshcc_enhancement_localizer_v22.py,STATIC_ORPHAN,NONE,0,0,0,0,0,0,0
tools/build_openswisshcc_fusion_v11.py,DOC_REFERENCED_ONLY,STRONG,0,0,0,0,1,0,1
tools/build_openswisshcc_highdimensional_stack.py,STATIC_ORPHAN,NONE,0,0,0,0,0,0,0
tools/build_openswisshcc_holdout_panels.py,STATIC_ORPHAN,NONE,0,0,0,0,0,0,0
tools/build_openswisshcc_localizer_enhancement_roi_pilot.py,STATIC_ORPHAN,NONE,0,0,0,0,0,0,0
tools/build_openswisshcc_localizer_roi_pilot.py,STATIC_ORPHAN,NONE,0,0,0,0,0,0,0
tools/build_openswisshcc_multisequence_cohort.py,STATIC_ORPHAN,NONE,0,0,0,0,0,0,0
tools/build_openswisshcc_multisequence_gallery.py,STATIC_ORPHAN,NONE,0,0,0,0,0,0,0
tools/build_openswisshcc_multisequence_quality_bundle.py,STATIC_ORPHAN,NONE,0,0,0,0,0,0,0
tools/build_openswisshcc_review_gallery.py,DOC_REFERENCED_ONLY,STRONG,0,0,0,0,1,0,1
tools/build_openswisshcc_v15_blind_fusion.py,DOC_REFERENCED_ONLY,STRONG,0,0,0,0,1,0,1
tools/build_openswisshcc_volumetric_candidates.py,STATIC_ORPHAN,NONE,0,0,0,0,0,0,0
tools/build_openswisshcc_volumetric_gallery.py,STATIC_ORPHAN,NONE,0,0,0,0,0,0,0
tools/build_patch25d_dataset.py,DOC_REFERENCED_ONLY,STRONG,0,0,0,0,1,0,1
tools/build_production_liver_masks_for_selection.py,TOOLCHAIN_ONLY,STRONG,0,0,0,1,2,0,3
tools/build_public_independent_cohort_v21.py,DOC_REFERENCED_ONLY,STRONG,0,0,0,0,2,0,2
tools/build_rag_corpus.py,TEST_REFERENCED_ONLY,STRONG,0,0,2,1,1,0,3
tools/build_rag_index.py,TEST_REFERENCED_ONLY,STRONG,0,0,2,0,2,0,4
tools/build_raw_phase_review_gallery.py,DOC_REFERENCED_ONLY,STRONG,0,0,0,0,1,0,1
tools/build_relatorio_consolidado_docx.js,STATIC_ORPHAN,NONE,0,0,0,0,0,0,0
tools/build_synthetic_external_stress_v1.py,DOC_REFERENCED_ONLY,STRONG,0,0,0,0,2,0,2
tools/check_hybrid_training_environment.py,DOC_REFERENCED_ONLY,STRONG,0,0,0,0,1,0,1
tools/combine_final_liver_vessel_score.py,STATIC_ORPHAN,NONE,0,0,0,0,0,0,0
tools/consolidate_public_independent_v21.py,STATIC_ORPHAN,NONE,0,0,0,0,0,0,0
tools/create_quest_access_page.py,TEST_REFERENCED_ONLY,STRONG,0,0,1,1,1,0,3
tools/create_quest_certificate.py,RUNTIME_OR_LAUNCH_WIRED,STRONG,0,1,1,0,1,0,3
tools/diagnose_external_signals.py,STATIC_ORPHAN,NONE,0,0,0,0,0,0,0
tools/diagnose_lld_mmri_v23_liver_fallback.py,STATIC_ORPHAN,NONE,0,0,0,0,0,0,0
tools/download_chaos_v103.py,DOC_REFERENCED_ONLY,STRONG,0,0,0,0,1,0,1
tools/download_http_ranges.py,TEST_REFERENCED_ONLY,WEAK,0,0,1,0,0,0,0
tools/download_lld_mmri_v23_external.py,DOC_REFERENCED_ONLY,STRONG,0,0,0,0,3,0,3
tools/ensure_docker_desktop.ps1,TEST_REFERENCED_ONLY,STRONG,0,0,3,1,1,0,2
tools/ensure_quest_firewall.ps1,TEST_REFERENCED_ONLY,STRONG,0,0,1,1,1,0,2
tools/eval_rag_retrieval.py,TEST_REFERENCED_ONLY,STRONG,0,0,1,0,0,0,1
tools/evaluate_chaos_v21_negative.py,STATIC_ORPHAN,NONE,0,0,0,0,0,0,0
tools/evaluate_hybrid_robustness.py,DOC_REFERENCED_ONLY,STRONG,0,0,0,0,1,0,1
tools/evaluate_late_fusion.py,DOC_REFERENCED_ONLY,STRONG,0,0,0,0,1,0,1
tools/evaluate_liverhccseg_v21_positive.py,DOC_REFERENCED_ONLY,STRONG,0,0,0,0,1,0,1
tools/evaluate_lld_mmri_v23_external.py,STATIC_ORPHAN,NONE,0,0,0,0,0,0,0
tools/evaluate_lld_mmri_v23_liver_enriched.py,STATIC_ORPHAN,NONE,0,0,0,0,0,0,0
tools/evaluate_medsiglip_external_bundle.py,STATIC_ORPHAN,NONE,0,0,0,0,0,0,0
tools/evaluate_multi_signal_fusion.py,STATIC_ORPHAN,NONE,0,0,0,0,0,0,0
tools/evaluate_openswisshcc_axial_atlas_chunk_v18.py,STATIC_ORPHAN,NONE,0,0,0,0,0,0,0
tools/evaluate_openswisshcc_axial_atlas_rag_v19.py,STATIC_ORPHAN,NONE,0,0,0,0,0,0,0
tools/evaluate_openswisshcc_axial_atlas_v17.py,STATIC_ORPHAN,NONE,0,0,0,0,0,0,0
tools/evaluate_openswisshcc_candidate_volume_v16.py,STATIC_ORPHAN,NONE,0,0,0,0,0,0,0
tools/evaluate_openswisshcc_enhancement_features_v22.py,STATIC_ORPHAN,NONE,0,0,0,0,0,0,0
tools/evaluate_openswisshcc_enhancement_pilot_v22.py,STATIC_ORPHAN,NONE,0,0,0,0,0,0,0
tools/evaluate_openswisshcc_fusion_v11.py,DOC_REFERENCED_ONLY,STRONG,0,0,0,0,1,0,1
tools/evaluate_openswisshcc_highdimensional_v13.py,STATIC_ORPHAN,NONE,0,0,0,0,0,0,0
tools/evaluate_openswisshcc_holdout_v21.py,DOC_REFERENCED_ONLY,STRONG,0,0,0,0,3,0,3
tools/evaluate_openswisshcc_lesion_localizer_full87_v10.py,STATIC_ORPHAN,NONE,0,0,0,0,0,0,0
tools/evaluate_openswisshcc_localizer_roi_v10.py,STATIC_ORPHAN,NONE,0,0,0,0,0,0,0
tools/evaluate_openswisshcc_multisequence.py,STATIC_ORPHAN,NONE,0,0,0,0,0,0,0
tools/evaluate_openswisshcc_run.py,DOC_REFERENCED_ONLY,STRONG,0,0,0,0,2,0,2
tools/evaluate_openswisshcc_slice_pairwise.py,STATIC_ORPHAN,NONE,0,0,0,0,0,0,0
tools/evaluate_openswisshcc_v15_fusion.py,DOC_REFERENCED_ONLY,STRONG,0,0,0,0,2,0,2
tools/evaluate_openswisshcc_v23_shape_fusion.py,RUNTIME_OR_LAUNCH_WIRED,STRONG,0,1,0,0,0,0,1
tools/evaluate_openswisshcc_v24_planarity_contrast.py,STATIC_ORPHAN,NONE,0,0,0,0,0,0,0
tools/evaluate_openswisshcc_v25_sphericity.py,STATIC_ORPHAN,NONE,0,0,0,0,0,0,0
tools/evaluate_openswisshcc_v26_bbox_fill.py,STATIC_ORPHAN,NONE,0,0,0,0,0,0,0
tools/evaluate_openswisshcc_v27_nested_recalibration.py,STATIC_ORPHAN,NONE,0,0,0,0,0,0,0
tools/evaluate_openswisshcc_volumetric_pairwise.py,STATIC_ORPHAN,NONE,0,0,0,0,0,0,0
tools/evaluate_openswisshcc_volumetric_run.py,STATIC_ORPHAN,NONE,0,0,0,0,0,0,0
tools/evaluate_synthetic_external_stress_v1.py,DOC_REFERENCED_ONLY,STRONG,0,0,0,0,2,0,2
tools/evaluate_v24_liver_enriched.py,STATIC_ORPHAN,NONE,0,0,0,0,0,0,0
tools/export_argos_portable.ps1,TEST_REFERENCED_ONLY,STRONG,0,0,1,1,3,0,4
tools/extract_candidate_radiomics.py,DOC_REFERENCED_ONLY,STRONG,0,0,0,0,2,0,1
tools/extract_chaos_mri_v103.py,DOC_REFERENCED_ONLY,STRONG,0,0,0,0,1,0,1
tools/extract_medsiglip_embeddings.py,DOC_REFERENCED_ONLY,STRONG,0,0,0,0,2,0,1
tools/extract_openswisshcc_holdout_transforms.py,STATIC_ORPHAN,NONE,0,0,0,0,0,0,0
tools/extract_openswisshcc_transforms.py,STATIC_ORPHAN,NONE,0,0,0,0,0,0,0
tools/filter_liverhccseg_tumor_positive.py,DOC_REFERENCED_ONLY,STRONG,0,0,0,0,1,0,1
tools/filter_monophase_complementary_embeddings.py,STATIC_ORPHAN,NONE,0,0,0,0,0,0,0
tools/finalize_openswisshcc_candidate_variant.py,STATIC_ORPHAN,NONE,0,0,0,0,0,0,0
tools/freeze_chaos_v21_evaluation_protocol.py,STATIC_ORPHAN,NONE,0,0,0,0,0,0,0
tools/freeze_hybrid_training_protocol.py,DOC_REFERENCED_ONLY,STRONG,0,0,0,0,2,0,1
tools/freeze_liverhccseg_v21_evaluation_protocol.py,STATIC_ORPHAN,NONE,0,0,0,0,0,0,0
tools/freeze_lld_mmri_v23_external_protocol.py,STATIC_ORPHAN,NONE,0,0,0,0,0,0,0
tools/freeze_lld_mmri_v23_predictions.py,STATIC_ORPHAN,NONE,0,0,0,0,0,0,0
tools/freeze_lld_mmri_v23_technical_amendment.py,DOC_REFERENCED_ONLY,STRONG,0,0,0,0,1,0,1
tools/freeze_openswisshcc_candidate_volume_evaluation_v16.py,STATIC_ORPHAN,NONE,0,0,0,0,0,0,0
tools/freeze_openswisshcc_candidate_volume_score_v16.py,DOC_REFERENCED_ONLY,STRONG,0,0,0,0,1,0,1
tools/freeze_openswisshcc_enhancement_pilot_evaluation_v22.py,STATIC_ORPHAN,NONE,0,0,0,0,0,0,0
tools/freeze_openswisshcc_experiment.py,DOC_REFERENCED_ONLY,STRONG,0,0,0,0,1,0,1
tools/freeze_openswisshcc_fusion_v11.py,DOC_REFERENCED_ONLY,STRONG,0,0,0,0,1,0,1
tools/freeze_openswisshcc_highdimensional_batch.py,STATIC_ORPHAN,NONE,0,0,0,0,0,0,0
tools/freeze_openswisshcc_highdimensional_pilot.py,STATIC_ORPHAN,NONE,0,0,0,0,0,0,0
tools/freeze_openswisshcc_lesion_localizer_evaluation_v10.py,STATIC_ORPHAN,NONE,0,0,0,0,0,0,0
tools/freeze_openswisshcc_localizer_roi_v10.py,STATIC_ORPHAN,NONE,0,0,0,0,0,0,0
tools/freeze_openswisshcc_multisequence.py,STATIC_ORPHAN,NONE,0,0,0,0,0,0,0
tools/freeze_openswisshcc_v15_fusion.py,DOC_REFERENCED_ONLY,STRONG,0,0,0,0,1,0,1
tools/freeze_openswisshcc_v23_shape_calibrator.py,RUNTIME_OR_LAUNCH_WIRED,STRONG,0,1,0,0,0,0,1
tools/freeze_openswisshcc_volume_score_v14.py,STATIC_ORPHAN,NONE,0,0,0,0,0,0,0
tools/freeze_openswisshcc_volumetric.py,STATIC_ORPHAN,NONE,0,0,0,0,0,0,0
tools/freeze_public_independent_calibrator_v21.py,STATIC_ORPHAN,NONE,0,0,0,0,0,0,0
tools/freeze_segmentation_visualization_baseline.py,STATIC_ORPHAN,NONE,0,0,0,0,0,0,0
tools/fuse_liver_masks_registered_phases_v2.py,STATIC_ORPHAN,NONE,0,0,0,0,0,0,0
tools/graphify_argos.ps1,RUNTIME_OR_LAUNCH_WIRED,STRONG,0,1,2,1,10,0,12
tools/harmonize_lld_mmri_v23_dynamic_t1.py,DOC_REFERENCED_ONLY,STRONG,0,0,0,0,1,0,1
tools/import_argos_portable.sh,TEST_REFERENCED_ONLY,STRONG,0,0,1,1,2,0,3
tools/infer_openswisshcc_case.py,RUNTIME_OR_LAUNCH_WIRED,STRONG,1,0,0,0,1,0,2
tools/infer_openswisshcc_volumetric_case.py,STATIC_ORPHAN,NONE,0,0,0,0,0,0,0
tools/initialize_argos_docker.ps1,TOOLCHAIN_ONLY,STRONG,0,0,0,1,3,0,4
tools/initialize_argos_docker.sh,TEST_REFERENCED_ONLY,STRONG,0,0,1,3,1,0,4
tools/liver_segments_mr_worker.py,TOOLCHAIN_ONLY,STRONG,0,0,0,3,2,0,4
tools/lld_mmri_v23_segment_worker.py,RUNTIME_OR_LAUNCH_WIRED,STRONG,1,0,0,3,0,0,3
tools/make_synthetic_case.py,TEST_REFERENCED_ONLY,STRONG,0,0,6,0,12,0,18
tools/measure_deployed_subtype_accuracy.py,DOC_REFERENCED_ONLY,STRONG,0,0,0,0,1,0,1
tools/measure_four_phase_union_gain.py,TOOLCHAIN_ONLY,STRONG,0,0,0,2,1,0,3
tools/measure_liver_segments_mr_vs_chaos_reference.py,TOOLCHAIN_ONLY,STRONG,0,0,0,1,1,0,2
tools/measure_liver_segments_mr_vs_total_mr_venous_lld.py,DOC_REFERENCED_ONLY,STRONG,0,0,0,0,1,0,1
tools/measure_three_phase_union_gain.py,DOC_REFERENCED_ONLY,STRONG,0,0,0,0,1,0,1
tools/measure_total_mr_vs_chaos_reference.py,TOOLCHAIN_ONLY,STRONG,0,0,0,1,1,0,2
tools/measure_vessel_continuity_shortlist.py,STATIC_ORPHAN,NONE,0,0,0,0,0,0,0
tools/medgemma_server.py,RUNTIME_OR_LAUNCH_WIRED,STRONG,0,4,4,8,20,0,31
tools/medgemma_server_base.py,TOOLCHAIN_ONLY,STRONG,0,0,0,2,1,0,3
tools/medgemma_server_v14.py,TEST_REFERENCED_ONLY,STRONG,0,0,1,2,4,0,5
tools/merge_openswisshcc_lesion_localizer_chunks.py,STATIC_ORPHAN,NONE,0,0,0,0,0,0,0
tools/merge_openswisshcc_multisequence_chunks.py,STATIC_ORPHAN,NONE,0,0,0,0,0,0,0
tools/pilot_lld_mmri_v23_segmentation.py,DOC_REFERENCED_ONLY,STRONG,0,0,0,0,3,0,3
tools/pilot_monophase_subtype_adjudication.py,STATIC_ORPHAN,NONE,0,0,0,0,0,0,0
tools/pilot_precontrast_liver_segmentation.py,DOC_REFERENCED_ONLY,STRONG,0,0,0,0,2,0,2
tools/plan_openswisshcc_candidate_volume_timing_v16.py,STATIC_ORPHAN,NONE,0,0,0,0,0,0,0
tools/plan_openswisshcc_multisequence_chunks.py,STATIC_ORPHAN,NONE,0,0,0,0,0,0,0
tools/preflight_openswisshcc_enhancement_top5_v22.py,STATIC_ORPHAN,NONE,0,0,0,0,0,0,0
tools/prepare_chaos_v21.py,STATIC_ORPHAN,NONE,0,0,0,0,0,0,0
tools/prepare_gd_eob_hcc_external.py,DOC_REFERENCED_ONLY,STRONG,0,0,0,0,4,0,4
tools/prepare_liverhccseg_v21.py,DOC_REFERENCED_ONLY,STRONG,0,0,0,0,1,0,1
tools/prepare_lld_mmri_v23_external.py,DOC_REFERENCED_ONLY,STRONG,0,0,0,0,1,0,1
tools/prepare_openswisshcc.py,STATIC_ORPHAN,NONE,0,0,0,0,0,0,0
tools/prepare_openswisshcc_highdimensional_batch.py,STATIC_ORPHAN,NONE,0,0,0,0,0,0,0
tools/prepare_openswisshcc_holdout_blind.py,STATIC_ORPHAN,NONE,0,0,0,0,0,0,0
tools/prepare_v23_external_validation.py,DOC_REFERENCED_ONLY,STRONG,0,0,0,0,1,0,1
tools/prepare_v23_retrospective_multicohort.py,DOC_REFERENCED_ONLY,STRONG,0,0,0,0,3,0,3
tools/prepare_v23_retrospective_multicohort_phase2.py,DOC_REFERENCED_ONLY,STRONG,0,0,0,0,2,0,2
tools/prepare_v23_retrospective_multicohort_phase3.py,DOC_REFERENCED_ONLY,STRONG,0,0,0,0,1,0,1
tools/prepare_v24_liver_enriched_openswisshcc.py,STATIC_ORPHAN,NONE,0,0,0,0,0,0,0
tools/profile_openswisshcc_localizer_roi_v10_timing.py,STATIC_ORPHAN,NONE,0,0,0,0,0,0,0
tools/project_openswisshcc_enhancement_top5_timing_v22.py,STATIC_ORPHAN,NONE,0,0,0,0,0,0,0
tools/quest_network.ps1,RUNTIME_OR_LAUNCH_WIRED,STRONG,0,3,1,2,1,0,6
tools/rank_liver_integrity_candidates.py,STATIC_ORPHAN,NONE,0,0,0,0,0,0,0
tools/rebind_medsiglip_embeddings.py,STATIC_ORPHAN,NONE,0,0,0,0,0,0,0
tools/remediate_openswisshcc_candidates.py,DOC_REFERENCED_ONLY,STRONG,0,0,0,0,2,0,2
tools/render_best_worst_gallery.py,TOOLCHAIN_ONLY,STRONG,0,0,0,1,3,0,4
tools/render_liver_mesh_gallery.py,STATIC_ORPHAN,NONE,0,0,0,0,0,0,0
tools/render_liver_state_gallery.py,STATIC_ORPHAN,NONE,0,0,0,0,0,0,0
tools/render_liver_union_gallery.py,STATIC_ORPHAN,NONE,0,0,0,0,0,0,0
tools/render_openswisshcc_candidate.py,TOOLCHAIN_ONLY,STRONG,0,0,0,1,0,0,1
tools/render_openswisshcc_fallback.py,STATIC_ORPHAN,NONE,0,0,0,0,0,0,0
tools/render_openswisshcc_multisequence.py,STATIC_ORPHAN,NONE,0,0,0,0,0,0,0
tools/render_segmentation_shadow_mesh_comparison_v2.py,STATIC_ORPHAN,NONE,0,0,0,0,0,0,0
tools/render_spotlight_panel.py,DOC_REFERENCED_ONLY,STRONG,0,0,0,0,1,0,1
tools/report_openswisshcc_v11_v13_cross_tab.py,STATIC_ORPHAN,NONE,0,0,0,0,0,0,0
tools/review_chaos_v21_panels.py,STATIC_ORPHAN,NONE,0,0,0,0,0,0,0
tools/review_liverhccseg_v21_panels.py,DOC_REFERENCED_ONLY,STRONG,0,0,0,0,2,0,2
tools/review_lld_mmri_v23.py,DOC_REFERENCED_ONLY,STRONG,0,0,0,0,1,0,1
tools/review_lld_mmri_v23_full_fov.py,STATIC_ORPHAN,NONE,0,0,0,0,0,0,0
tools/review_lld_mmri_v23_liver_enriched.py,STATIC_ORPHAN,NONE,0,0,0,0,0,0,0
tools/review_openswisshcc_axial_atlas_v17.py,STATIC_ORPHAN,NONE,0,0,0,0,0,0,0
tools/review_openswisshcc_candidate_volume_v16.py,DOC_REFERENCED_ONLY,STRONG,0,0,0,0,2,0,2
tools/review_openswisshcc_holdout_v21.py,DOC_REFERENCED_ONLY,STRONG,0,0,0,0,1,0,1
tools/review_openswisshcc_localizer_roi_v10.py,STATIC_ORPHAN,NONE,0,0,0,0,0,0,0
tools/review_openswisshcc_multisequence.py,DOC_REFERENCED_ONLY,STRONG,0,0,0,0,1,0,1
tools/review_openswisshcc_multisequence_quality.py,STATIC_ORPHAN,NONE,0,0,0,0,0,0,0
tools/review_openswisshcc_panels.py,DOC_REFERENCED_ONLY,STRONG,0,0,0,0,4,0,4
tools/review_openswisshcc_volumetric.py,STATIC_ORPHAN,NONE,0,0,0,0,0,0,0
tools/run_chaos_v21_signals.py,STATIC_ORPHAN,NONE,0,0,0,0,0,0,0
tools/run_gd_eob_hbp_pilot.py,STATIC_ORPHAN,NONE,0,0,0,0,0,0,0
tools/run_internal_blind_visual_case.py,DOC_REFERENCED_ONLY,STRONG,0,0,0,0,2,0,2
tools/run_liverhccseg_v21_signals.py,DOC_REFERENCED_ONLY,STRONG,0,0,0,0,1,0,1
tools/run_lld_mmri_v23_full_fov_timing.py,STATIC_ORPHAN,NONE,0,0,0,0,0,0,0
tools/run_lld_mmri_v23_liver_enriched_timing.py,STATIC_ORPHAN,NONE,0,0,0,0,0,0,0
tools/run_lld_mmri_v23_signals.py,STATIC_ORPHAN,NONE,0,0,0,0,0,0,0
tools/run_mrsegmentator_chaos_gpu_v2.py,DOC_REFERENCED_ONLY,STRONG,0,0,0,0,1,0,1
tools/run_multi_signal_production.py,STATIC_ORPHAN,NONE,0,0,0,0,0,0,0
tools/run_openswisshcc_arterial_union_localizer_v22.py,STATIC_ORPHAN,NONE,0,0,0,0,0,0,0
tools/run_openswisshcc_axial_atlas_chunk_v18.py,STATIC_ORPHAN,NONE,0,0,0,0,0,0,0
tools/run_openswisshcc_axial_atlas_rag_v19.py,STATIC_ORPHAN,NONE,0,0,0,0,0,0,0
tools/run_openswisshcc_axial_atlas_score_v17.py,DOC_REFERENCED_ONLY,STRONG,0,0,0,0,1,0,1
tools/run_openswisshcc_candidate_volume_score_v16.py,DOC_REFERENCED_ONLY,STRONG,0,0,0,0,1,0,1
tools/run_openswisshcc_candidate_volume_timing_v16.py,STATIC_ORPHAN,NONE,0,0,0,0,0,0,0
tools/run_openswisshcc_highdimensional_batch.py,STATIC_ORPHAN,NONE,0,0,0,0,0,0,0
tools/run_openswisshcc_highdimensional_pilot.py,STATIC_ORPHAN,NONE,0,0,0,0,0,0,0
tools/run_openswisshcc_holdout_v21.py,TOOLCHAIN_ONLY,STRONG,0,0,0,1,9,0,10
tools/run_openswisshcc_holdout_v21_isolated_localizer.py,TOOLCHAIN_ONLY,STRONG,0,0,0,1,0,0,1
tools/run_openswisshcc_holdout_v21_localizer_win.ps1,STATIC_ORPHAN,NONE,0,0,0,0,0,0,0
tools/run_openswisshcc_holdout_v21_medsiglip_win.ps1,STATIC_ORPHAN,NONE,0,0,0,0,0,0,0
tools/run_openswisshcc_inference.py,DOC_REFERENCED_ONLY,STRONG,0,0,0,0,2,0,2
tools/run_openswisshcc_lesion_localizer_chunk.py,TOOLCHAIN_ONLY,STRONG,0,0,0,1,0,0,1
tools/run_openswisshcc_lesion_localizer_chunk_win.ps1,STATIC_ORPHAN,NONE,0,0,0,0,0,0,0
tools/run_openswisshcc_lesion_localizer_pilot.py,TOOLCHAIN_ONLY,STRONG,0,0,0,1,0,0,1
tools/run_openswisshcc_lesion_localizer_pilot_win.ps1,DOC_REFERENCED_ONLY,STRONG,0,0,0,0,1,0,1
tools/run_openswisshcc_localizer_roi_v10_ab.py,STATIC_ORPHAN,NONE,0,0,0,0,0,0,0
tools/run_openswisshcc_multisequence_chunk.py,STATIC_ORPHAN,NONE,0,0,0,0,0,0,0
tools/run_openswisshcc_multisequence_pairwise.py,STATIC_ORPHAN,NONE,0,0,0,0,0,0,0
tools/run_openswisshcc_slice_pairwise.py,STATIC_ORPHAN,NONE,0,0,0,0,0,0,0
tools/run_openswisshcc_v20_fusion.py,STATIC_ORPHAN,NONE,0,0,0,0,0,0,0
tools/run_openswisshcc_volume_score_batch_v14.py,STATIC_ORPHAN,NONE,0,0,0,0,0,0,0
tools/run_openswisshcc_volume_score_pilot_v14.py,STATIC_ORPHAN,NONE,0,0,0,0,0,0,0
tools/run_openswisshcc_volumetric_inference.py,STATIC_ORPHAN,NONE,0,0,0,0,0,0,0
tools/run_openswisshcc_volumetric_medsiglip.py,STATIC_ORPHAN,NONE,0,0,0,0,0,0,0
tools/run_openswisshcc_volumetric_pairwise.py,TOOLCHAIN_ONLY,STRONG,0,0,0,2,0,0,2
tools/run_raw_phase_equivalence_benchmark.py,DOC_REFERENCED_ONLY,STRONG,0,0,0,0,1,0,1
tools/run_segmentation_visualization_shadow_v2.py,DOC_REFERENCED_ONLY,STRONG,0,0,0,0,1,0,1
tools/run_totalsegmentator_liver_cohort_v2.py,STATIC_ORPHAN,NONE,0,0,0,0,0,0,0
tools/run_v23_retrospective_multicohort_phase4.py,STATIC_ORPHAN,NONE,0,0,0,0,0,0,0
tools/run_v24_liver_enriched_inference.py,STATIC_ORPHAN,NONE,0,0,0,0,0,0,0
tools/run_visual_benchmark.py,DOC_REFERENCED_ONLY,STRONG,0,0,0,0,2,0,2
tools/scan_openswisshcc_multisequence_geometry.py,STATIC_ORPHAN,NONE,0,0,0,0,0,0,0
tools/score_medsiglip_panel.py,TEST_REFERENCED_ONLY,STRONG,0,0,1,0,4,0,5
tools/segment_aorta_for_gallery.py,STATIC_ORPHAN,NONE,0,0,0,0,0,0,0
tools/select_openswisshcc_enhancement_proposals_v22.py,STATIC_ORPHAN,NONE,0,0,0,0,0,0,0
tools/serve_quest_certificate.py,RUNTIME_OR_LAUNCH_WIRED,STRONG,0,1,3,0,0,0,3
tools/setup_docker_windows.ps1,TOOLCHAIN_ONLY,STRONG,0,0,0,3,3,0,6
tools/setup_graphify_argos.ps1,TEST_REFERENCED_ONLY,STRONG,0,0,1,1,1,0,2
tools/setup_medgemma.py,RUNTIME_OR_LAUNCH_WIRED,STRONG,0,3,0,1,6,0,10
tools/setup_real_env.py,DOC_REFERENCED_ONLY,STRONG,0,0,0,0,3,0,3
tools/single_label_segment_worker.py,TOOLCHAIN_ONLY,STRONG,0,0,0,3,0,0,3
tools/smoke_gpu.py,TOOLCHAIN_ONLY,STRONG,0,0,0,3,2,0,5
tools/smoke_monophase_advisory.py,STATIC_ORPHAN,NONE,0,0,0,0,0,0,0
tools/smoke_test_argos_docker_e2e.py,TEST_REFERENCED_ONLY,WEAK,0,0,2,0,0,0,0
tools/start_argos_docker.ps1,TEST_REFERENCED_ONLY,STRONG,0,0,3,1,11,0,12
tools/start_argos_docker_mac.sh,TOOLCHAIN_ONLY,STRONG,0,0,0,3,1,0,3
tools/start_medgemma.ps1,TEST_REFERENCED_ONLY,STRONG,0,0,2,0,3,0,5
tools/start_medgemma_gateway_win.ps1,TEST_REFERENCED_ONLY,STRONG,0,0,1,2,0,0,2
tools/start_oren_quest_dynamic.ps1,RUNTIME_OR_LAUNCH_WIRED,STRONG,0,1,2,0,1,0,2
tools/start_oren_webapp_only.ps1,STATIC_ORPHAN,NONE,0,0,0,0,0,0,0
tools/stop_argos_docker.ps1,TEST_REFERENCED_ONLY,STRONG,0,0,1,0,4,0,4
tools/stop_medgemma.ps1,DOC_REFERENCED_ONLY,STRONG,0,0,0,0,1,0,1
tools/stop_medgemma_gateway_win.ps1,TEST_REFERENCED_ONLY,STRONG,0,0,2,3,0,0,3
tools/test_morphological_closing_gate.py,DOC_REFERENCED_ONLY,STRONG,0,0,0,0,2,0,2
tools/test_mrsegmentator_isolated.py,DOC_REFERENCED_ONLY,STRONG,0,0,0,0,1,0,1
tools/test_vessel_closing_gate.py,TOOLCHAIN_ONLY,STRONG,0,0,0,1,2,0,3
tools/time_openswisshcc_candidate_shape_v23.py,STATIC_ORPHAN,NONE,0,0,0,0,0,0,0
tools/train_medsiglip_classifier.py,DOC_REFERENCED_ONLY,STRONG,0,0,0,0,2,0,1
tools/train_medsiglip_head.py,DOC_REFERENCED_ONLY,STRONG,0,0,0,0,1,0,1
tools/train_medsiglip_multiclass.py,RUNTIME_OR_LAUNCH_WIRED,STRONG,1,0,0,0,1,0,2
tools/train_medsiglip_pairwise_subtype.py,STATIC_ORPHAN,NONE,0,0,0,0,0,0,0
tools/train_medsiglip_partial.py,DOC_REFERENCED_ONLY,STRONG,0,0,0,0,1,0,1
tools/train_patch25d_classifier.py,DOC_REFERENCED_ONLY,STRONG,0,0,0,0,1,0,1
tools/train_radiomics_classifier.py,DOC_REFERENCED_ONLY,STRONG,0,0,0,0,2,0,1
tools/validate_phase_union_against_reference.py,DOC_REFERENCED_ONLY,STRONG,0,0,0,0,1,0,1
tools/verify_argos_docker_job.py,TEST_REFERENCED_ONLY,STRONG,0,0,1,0,4,0,4
tools/verify_argos_docker_portable.sh,TOOLCHAIN_ONLY,STRONG,0,0,0,2,2,0,3
tools/verify_argos_docker_runtime.ps1,DOC_REFERENCED_ONLY,STRONG,0,0,0,0,5,0,5
tools/verify_argos_docker_static.py,TEST_REFERENCED_ONLY,STRONG,0,0,1,0,3,0,4
tools/verify_graphify_argos.py,TEST_REFERENCED_ONLY,STRONG,0,0,1,0,0,0,1
tools/verify_internal_blind_benchmark_120.py,STATIC_ORPHAN,NONE,0,0,0,0,0,0,0
tools/verify_lld_mmri_v23_segmentation_audit.py,DOC_REFERENCED_ONLY,STRONG,0,0,0,0,1,0,1
tools/verify_medgemma_container.ps1,TEST_REFERENCED_ONLY,STRONG,0,0,1,0,3,0,3
tools/verify_medsiglip_device_agreement.py,RUNTIME_OR_LAUNCH_WIRED,STRONG,1,3,0,0,1,0,4
tools/verify_medsiglip_phase13.py,DOC_REFERENCED_ONLY,STRONG,0,0,0,0,1,0,1
tools/verify_openswisshcc_v23_baseline.py,DOC_REFERENCED_ONLY,STRONG,0,0,0,0,1,0,1
tools/verify_synthetic_external_stress_v1.py,DOC_REFERENCED_ONLY,STRONG,0,0,0,0,5,0,5
tools/verify_synthetic_external_stress_v1_evaluation.py,DOC_REFERENCED_ONLY,STRONG,0,0,0,0,3,0,3
tools/verify_volumetry.py,DOC_REFERENCED_ONLY,STRONG,0,0,0,0,4,0,4
tools/vessel_continuity_segment_worker.py,TOOLCHAIN_ONLY,STRONG,0,0,0,1,0,0,1
